[
  {"code":"AUS","name":"Australia","region":"Asia-Pacific"},
  {"code":"AUT","name":"Austria","region":"Europe"},
  {"code":"BEL","name":"Belgium","region":"Europe"},
  {"code":"BRA","name":"Brazil","region":"Americas"},
  {"code":"CAN","name":"Canada","region":"Americas"},
  {"code":"CHE","name":"Switzerland","region":"Europe"},
  {"code":"CHL","name":"Chile","region":"Americas"},
  {"code":"CHN","name":"China","region":"Asia-Pacific"},
  {"code":"COL","name":"Colombia","region":"Americas"},
  {"code":"CRI","name":"Costa Rica","region":"Americas"},
  {"code":"CZE","name":"Czech Republic","region":"Europe"},
  {"code":"DEU","name":"Germany","region":"Europe"},
  {"code":"DNK","name":"Denmark","region":"Europe"},
  {"code":"ESP","name":"Spain","region":"Europe"},
  {"code":"EST","name":"Estonia","region":"Europe"},
  {"code":"FIN","name":"Finland","region":"Europe"},
  {"code":"FRA","name":"France","region":"Europe"},
  {"code":"GBR","name":"United Kingdom","region":"Europe"},
  {"code":"GRC","name":"Greece","region":"Europe"},
  {"code":"HUN","name":"Hungary","region":"Europe"},
  {"code":"IDN","name":"Indonesia","region":"Asia-Pacific"},
  {"code":"IND","name":"India","region":"Asia-Pacific"},
  {"code":"IRL","name":"Ireland","region":"Europe"},
  {"code":"ISL","name":"Iceland","region":"Europe"},
  {"code":"ISR","name":"Israel","region":"Middle East"},
  {"code":"ITA","name":"Italy","region":"Europe"},
  {"code":"JPN","name":"Japan","region":"Asia-Pacific"},
  {"code":"KOR","name":"South Korea","region":"Asia-Pacific"},
  {"code":"LTU","name":"Lithuania","region":"Europe"},
  {"code":"LUX","name":"Luxembourg","region":"Europe"},
  {"code":"LVA","name":"Latvia","region":"Europe"},
  {"code":"MEX","name":"Mexico","region":"Americas"},
  {"code":"NLD","name":"Netherlands","region":"Europe"},
  {"code":"NOR","name":"Norway","region":"Europe"},
  {"code":"NZL","name":"New Zealand","region":"Asia-Pacific"},
  {"code":"POL","name":"Poland","region":"Europe"},
  {"code":"PRT","name":"Portugal","region":"Europe"},
  {"code":"ROU","name":"Romania","region":"Europe"},
  {"code":"RUS","name":"Russia","region":"Europe"},
  {"code":"SAU","name":"Saudi Arabia","region":"Middle East"},
  {"code":"SGP","name":"Singapore","region":"Asia-Pacific"},
  {"code":"SVK","name":"Slovakia","region":"Europe"},
  {"code":"SVN","name":"Slovenia","region":"Europe"},
  {"code":"SWE","name":"Sweden","region":"Europe"},
  {"code":"THA","name":"Thailand","region":"Asia-Pacific"},
  {"code":"TUR","name":"Turkey","region":"Europe"},
  {"code":"TWN","name":"Taiwan","region":"Asia-Pacific"},
  {"code":"USA","name":"United States","region":"Americas"},
  {"code":"VNM","name":"Vietnam","region":"Asia-Pacific"},
  {"code":"ZAF","name":"South Africa","region":"Africa"},
  {"code":"ARG","name":"Argentina","region":"Americas"},
  {"code":"BGD","name":"Bangladesh","region":"Asia-Pacific"},
  {"code":"BGR","name":"Bulgaria","region":"Europe"},
  {"code":"BRN","name":"Brunei","region":"Asia-Pacific"},
  {"code":"CMR","name":"Cameroon","region":"Africa"},
  {"code":"CYP","name":"Cyprus","region":"Europe"},
  {"code":"EGY","name":"Egypt","region":"Africa"},
  {"code":"HRV","name":"Croatia","region":"Europe"},
  {"code":"KAZ","name":"Kazakhstan","region":"Asia-Pacific"},
  {"code":"KHM","name":"Cambodia","region":"Asia-Pacific"},
  {"code":"MAR","name":"Morocco","region":"Africa"},
  {"code":"MLT","name":"Malta","region":"Europe"},
  {"code":"MMR","name":"Myanmar","region":"Asia-Pacific"},
  {"code":"MYS","name":"Malaysia","region":"Asia-Pacific"},
  {"code":"NGA","name":"Nigeria","region":"Africa"},
  {"code":"PAK","name":"Pakistan","region":"Asia-Pacific"},
  {"code":"PER","name":"Peru","region":"Americas"},
  {"code":"PHL","name":"Philippines","region":"Asia-Pacific"},
  {"code":"QAT","name":"Qatar","region":"Middle East"},
  {"code":"SEN","name":"Senegal","region":"Africa"},
  {"code":"TUN","name":"Tunisia","region":"Africa"},
  {"code":"UKR","name":"Ukraine","region":"Europe"},
  {"code":"URY","name":"Uruguay","region":"Americas"},
  {"code":"ARE","name":"United Arab Emirates","region":"Middle East"},
  {"code":"CIV","name":"Ivory Coast","region":"Africa"},
  {"code":"ETH","name":"Ethiopia","region":"Africa"},
  {"code":"GHA","name":"Ghana","region":"Africa"},
  {"code":"JOR","name":"Jordan","region":"Middle East"},
  {"code":"KEN","name":"Kenya","region":"Africa"},
  {"code":"LAO","name":"Laos","region":"Asia-Pacific"},
  {"code":"LKA","name":"Sri Lanka","region":"Asia-Pacific"},
  {"code":"TZA","name":"Tanzania","region":"Africa"},
  {"code":"DOM","name":"Dominican Republic","region":"Americas"},
  {"code":"GTM","name":"Guatemala","region":"Americas"},
  {"code":"HND","name":"Honduras","region":"Americas"}
]
